{"text": "\u70ba\u4e86\u66b4\u505c\u67d4\u8edf\u7684\u5287\u60c5\u6211\u5b64\u7368\u7d66\u6211\u81ea\u7531\u6709\u9918\u7684\u597d\u611f\u52d5\u60f3\u8981\u7684\u751f\u6d3b\u600e\u9ebc\u6709\u4e00\u767e\u7a2e\u8a72\u600e\u9ebc\u8d70\u8ab0\u4f86\u544a\u8a34\u6211\u6c92\u7576\u6211\u80cc\u5c0d\u661f\u7a7a\u62b1\u8457\u5730\u7403\u767c\u73fe\u81ea\u5df1\u5176\u5be6\u6700\u5f31\u4e0d\u6562\u8aaa\u7576\u6211\u80cc\u5c0d\u661f\u7a7a\u4e0d\u65b7\u5730\u8aaa\u611b\u60c5\u771f\u9375\u70ba\u6240\u6211\u624d\u4e0d\u540c\u7121\u908a\u7684\u5b87\u5b99\u6c92\u6709\u6211\u60f3\u8981\u7684\u751f\u6d3b\u67d4\u8edf\u7684\u5287\u60c5\u6211\u5b64\u7368\u7d66\u6211\u81ea\u7531\u6709\u9918\u7684\u597d\u611f\u52d5\u60f3\u8981\u7684\u751f\u6d3b\u600e\u9ebc\u6709\u4e00\u767e\u7a2e\u8a72\u600e\u9ebc\u8d70\u8ab0\u4f86\u544a\u8a34\u6211\u6c92\u7576\u6211\u80cc\u5c0d\u661f\u7a7a\u62b1\u8457\u5730\u7403\u767c\u73fe\u81ea\u5df1\u5176\u5be6\u6700\u5f31\u4e0d\u6562\u8aaa\u7576\u6211\u80cc\u5c0d\u661f\u7a7a\u4e0d\u65b7\u5730\u8aaa\u611b\u60c5\u771f\u9375\u70ba\u6240\u6211\u624d\u4e0d\u540c\u7121\u908a\u7684\u5b87\u5b99\u6c92\u6709\u6211\u60f3\u8981\u7684\u751f\u6d3b\u6c92\u7576\u6211\u80cc\u5c0d\u661f\u7a7a\u62b1\u8457\u5730\u7403\u767c\u73fe\u81ea\u5df1\u5176\u5be6\u6700\u5f31\u4e0d\u6562\u8aaa\u7576\u6211\u80cc\u5c0d\u661f\u7a7a\u4e0d\u65b7\u5730\u8aaa\u611b\u60c5\u771f\u9375\u70ba\u6240\u6211\u624d\u4e0d\u540c\u7121\u908a\u7684\u5b87\u5b99\u6c92\u6709\u6211\u60f3\u8981\u7684\u751f\u6d3b\u67d4\u8edf\u7684\u4e00\u767e\u7a2e\u8981\u5728\u5f88\u4e45\u5f88\u4e45\u4ee5\u5f8c\u624d\u6703\u61c2\u7121\u7406\u767e\u7a2e\u751f\u6d3b\u4e0d\u65b7\u5730\u8aaa\u611b\u60c5\u771f\u9375", "segments": [{"id": 0, "seek": 0, "start": 0.0, "end": 3.42, "text": "\u70ba\u4e86\u66b4\u505c", "tokens": [50364, 6344, 2289, 23826, 112, 36135, 50535], "temperature": 1.0, "avg_logprob": -3.439605474472046, "compression_ratio": 0.5714285714285714, "no_speech_prob": 0.42451873421669006}, {"id": 1, "seek": 6000, "start": 60.0, "end": 64.8, "text": "\u67d4\u8edf\u7684\u5287\u60c5\u6211\u5b64\u7368\u7d66\u6211\u81ea\u7531", "tokens": [50364, 17238, 242, 14454, 253, 1546, 5087, 229, 10570, 1654, 8052, 97, 163, 18304, 17798, 1654, 45233, 50604], "temperature": 0.0, "avg_logprob": -0.4534329531485574, "compression_ratio": 1.0546875, "no_speech_prob": 0.8727189898490906}, {"id": 2, "seek": 6000, "start": 64.8, "end": 67.5, "text": "\u6709\u9918\u7684\u597d\u611f\u52d5", "tokens": [50604, 2412, 22217, 246, 1546, 2131, 9709, 12572, 50739], "temperature": 0.0, "avg_logprob": -0.4534329531485574, "compression_ratio": 1.0546875, "no_speech_prob": 0.8727189898490906}, {"id": 3, "seek": 6000, "start": 67.5, "end": 72.5, "text": "\u60f3\u8981\u7684\u751f\u6d3b\u600e\u9ebc\u6709\u4e00\u767e\u7a2e", "tokens": [50739, 7093, 4275, 1546, 49958, 11614, 32241, 31906, 16516, 50989], "temperature": 0.0, "avg_logprob": -0.4534329531485574, "compression_ratio": 1.0546875, "no_speech_prob": 0.8727189898490906}, {"id": 4, "seek": 6000, "start": 72.5, "end": 81.0, "text": "\u8a72\u600e\u9ebc\u8d70\u8ab0\u4f86\u544a\u8a34\u6211", "tokens": [50989, 22033, 11614, 9575, 20757, 3763, 31080, 1654, 51414], "temperature": 0.0, "avg_logprob": -0.4534329531485574, "compression_ratio": 1.0546875, "no_speech_prob": 0.8727189898490906}, {"id": 5, "seek": 6000, "start": 82.0, "end": 85.5, "text": "\u6c92\u7576\u6211\u80cc\u5c0d\u661f\u7a7a", "tokens": [51464, 4913, 13118, 1654, 46329, 2855, 20682, 23322, 51639], "temperature": 0.0, "avg_logprob": -0.4534329531485574, "compression_ratio": 1.0546875, "no_speech_prob": 0.8727189898490906}, {"id": 6, "seek": 8550, "start": 85.5, "end": 91.0, "text": "\u62b1\u8457\u5730\u7403\u767c\u73fe\u81ea\u5df1\u5176\u5be6\u6700\u5f31", "tokens": [50364, 38382, 19382, 10928, 28533, 38927, 17645, 14139, 8661, 5702, 109, 50639], "temperature": 0.0, "avg_logprob": -0.43038022316108315, "compression_ratio": 1.0588235294117647, "no_speech_prob": 0.0017852919409051538}, {"id": 7, "seek": 8550, "start": 91.0, "end": 95.0, "text": "\u4e0d\u6562\u8aaa\u7576\u6211\u80cc\u5c0d\u661f\u7a7a", "tokens": [50639, 1960, 40205, 4622, 13118, 1654, 46329, 2855, 20682, 23322, 50839], "temperature": 0.0, "avg_logprob": -0.43038022316108315, "compression_ratio": 1.0588235294117647, "no_speech_prob": 0.0017852919409051538}, {"id": 8, "seek": 8550, "start": 95.0, "end": 99.0, "text": "\u4e0d\u65b7\u5730\u8aaa\u611b\u60c5\u771f\u9375", "tokens": [50839, 1960, 4307, 115, 10928, 4622, 15157, 10570, 6303, 41668, 113, 51039], "temperature": 0.0, "avg_logprob": -0.43038022316108315, "compression_ratio": 1.0588235294117647, "no_speech_prob": 0.0017852919409051538}, {"id": 9, "seek": 8550, "start": 99.0, "end": 102.0, "text": "\u70ba\u6240\u6211\u624d\u4e0d\u540c", "tokens": [51039, 6344, 5966, 1654, 18888, 47123, 51189], "temperature": 0.0, "avg_logprob": -0.43038022316108315, "compression_ratio": 1.0588235294117647, "no_speech_prob": 0.0017852919409051538}, {"id": 10, "seek": 8550, "start": 102.0, "end": 106.5, "text": "\u7121\u908a\u7684\u5b87\u5b99", "tokens": [51189, 16976, 14901, 1546, 2415, 229, 2415, 247, 51414], "temperature": 0.0, "avg_logprob": -0.43038022316108315, "compression_ratio": 1.0588235294117647, "no_speech_prob": 0.0017852919409051538}, {"id": 11, "seek": 8550, "start": 106.5, "end": 114.5, "text": "\u6c92\u6709\u6211\u60f3\u8981\u7684\u751f\u6d3b", "tokens": [51414, 6963, 25246, 4275, 1546, 49958, 51814], "temperature": 0.0, "avg_logprob": -0.43038022316108315, "compression_ratio": 1.0588235294117647, "no_speech_prob": 0.0017852919409051538}, {"id": 12, "seek": 11550, "start": 115.5, "end": 137.5, "text": "\u67d4\u8edf\u7684\u5287\u60c5\u6211\u5b64\u7368\u7d66\u6211\u81ea\u7531", "tokens": [50364, 17238, 242, 14454, 253, 1546, 5087, 229, 10570, 1654, 8052, 97, 163, 18304, 17798, 1654, 45233, 51464], "temperature": 0.0, "avg_logprob": -0.26677266482649176, "compression_ratio": 0.8571428571428571, "no_speech_prob": 0.0007607754087075591}, {"id": 13, "seek": 11550, "start": 137.5, "end": 140.5, "text": "\u6709\u9918\u7684\u597d\u611f\u52d5", "tokens": [51464, 2412, 22217, 246, 1546, 2131, 9709, 12572, 51614], "temperature": 0.0, "avg_logprob": -0.26677266482649176, "compression_ratio": 0.8571428571428571, "no_speech_prob": 0.0007607754087075591}, {"id": 14, "seek": 14050, "start": 140.5, "end": 145.5, "text": "\u60f3\u8981\u7684\u751f\u6d3b\u600e\u9ebc\u6709\u4e00\u767e\u7a2e", "tokens": [50364, 7093, 4275, 1546, 49958, 11614, 32241, 31906, 16516, 50614], "temperature": 0.0, "avg_logprob": -0.09367724184720021, "compression_ratio": 1.1162790697674418, "no_speech_prob": 0.000660537916701287}, {"id": 15, "seek": 14050, "start": 145.5, "end": 154.5, "text": "\u8a72\u600e\u9ebc\u8d70\u8ab0\u4f86\u544a\u8a34\u6211", "tokens": [50614, 22033, 11614, 9575, 20757, 3763, 31080, 1654, 51064], "temperature": 0.0, "avg_logprob": -0.09367724184720021, "compression_ratio": 1.1162790697674418, "no_speech_prob": 0.000660537916701287}, {"id": 16, "seek": 14050, "start": 154.5, "end": 158.5, "text": "\u6c92\u7576\u6211\u80cc\u5c0d\u661f\u7a7a", "tokens": [51064, 4913, 13118, 1654, 46329, 2855, 20682, 23322, 51264], "temperature": 0.0, "avg_logprob": -0.09367724184720021, "compression_ratio": 1.1162790697674418, "no_speech_prob": 0.000660537916701287}, {"id": 17, "seek": 14050, "start": 158.5, "end": 164.0, "text": "\u62b1\u8457\u5730\u7403\u767c\u73fe\u81ea\u5df1\u5176\u5be6\u6700\u5f31", "tokens": [51264, 38382, 19382, 10928, 28533, 38927, 17645, 14139, 8661, 5702, 109, 51539], "temperature": 0.0, "avg_logprob": -0.09367724184720021, "compression_ratio": 1.1162790697674418, "no_speech_prob": 0.000660537916701287}, {"id": 18, "seek": 14050, "start": 164.0, "end": 168.0, "text": "\u4e0d\u6562\u8aaa\u7576\u6211\u80cc\u5c0d\u661f\u7a7a", "tokens": [51539, 1960, 40205, 4622, 13118, 1654, 46329, 2855, 20682, 23322, 51739], "temperature": 0.0, "avg_logprob": -0.09367724184720021, "compression_ratio": 1.1162790697674418,